step,wall_seconds,loss,learning_rate,reward_mean,reward_std,frac_zero_std_groups,completion_length_mean,entropy,kl,general_ppl,task_accuracy
0,0.0,,,,,,,,,27.595197677612305,0.625
1,20.63,-0.0,6.666666666666667e-05,0.75,1.214461088180542,0.0,24.1875,0.5299027562141418,0.0,,
2,33.91,-0.0,0.00013333333333333334,0.6875,1.2246951460838318,0.0,32.375,0.435224786400795,0.0,,
3,38.95,0.0056,0.0002,2.59375,0.8613058030605316,0.0,24.0,0.23596502095460892,0.1401388682425022,,
4,42.1,0.0056,0.0002,2.875,0.3535533845424652,0.5,18.0625,0.07041620090603828,0.13908790796995163,,
5,45.31,0.0177,0.0002,3.0,0.0,1.0,16.875,0.050233386224135756,0.443210631608963,27.484710693359375,
6,48.15,0.0177,0.0002,2.75,0.4629100561141968,0.5,16.5,0.018470918759703636,0.4422721564769745,,
7,50.93,0.0177,0.0002,3.0,0.0,1.0,16.375,0.028292754665017128,0.44148845970630646,,
8,53.77,0.0168,0.0002,3.0,0.0,1.0,16.9375,0.0164123740978539,0.41997213661670685,,
9,63.38,0.0181,0.0002,2.90625,0.1293872892856598,0.5,24.3125,0.05591033597011119,0.4523720145225525,,
10,66.23,0.0172,0.0002,2.875,0.3535533845424652,0.5,16.5625,0.0290105901658535,0.42907337844371796,27.478853225708008,
11,69.07,0.0259,0.0002,2.0,0.0,1.0,17.0,0.0031789891654625535,0.6482281535863876,,
12,72.04,0.0149,0.0002,3.0,0.0,1.0,17.125,0.023553619161248207,0.37206369638442993,,
13,75.05,0.0093,0.0002,3.0,0.0,1.0,17.5625,0.045453181490302086,0.23221305012702942,,
14,77.89,0.0163,0.0002,3.0,0.0,1.0,16.6875,0.06569166108965874,0.40753015875816345,,
15,80.68,0.0263,0.0002,2.0,0.0,1.0,16.5,0.003056052839383483,0.658266231417656,27.51321029663086,
16,83.88,0.0206,0.0002,2.96875,0.0883883461356163,0.5,17.0625,0.04501989856362343,0.5150112509727478,,
17,86.77,0.026,0.0002,2.0,0.0,1.0,17.25,0.05488421814516187,0.6510787606239319,,
18,100.69,0.0422,0.0002,1.5,0.677538774907589,0.0,32.3125,0.2319742515683174,1.0561846494674683,,
19,103.55,0.03,0.0002,2.0,0.0,1.0,17.5,0.04650619439780712,0.7488138973712921,,
20,106.89,0.0261,0.0002,2.59375,1.0553725957870483,0.0,18.125,0.125687837600708,0.6522902548313141,27.565311431884766,0.734375
21,116.39,0.0336,0.0002,2.0625,1.2086920738220215,0.0,24.5625,0.14184844121336937,0.8399558663368225,,
22,119.08,0.0331,0.0002,1.875,0.3535533845424652,0.5,16.4375,0.044406608678400517,0.8284009397029877,,
23,121.85,0.0287,0.0002,2.0,0.0,1.0,17.0,0.0024971120292320848,0.7163538783788681,,
24,124.62,0.018,0.0002,2.75,0.4629100561141968,0.5,17.0,0.02086058774148114,0.4496830701828003,,
25,127.32,0.0214,0.0002,2.5,0.5345224738121033,0.5,16.3125,0.04259903356432915,0.5355320572853088,27.646259307861328,
26,130.53,0.04,0.0002,1.1875,0.6396867483854294,0.0,17.375,0.08094512298703194,1.00101900100708,,
27,133.29,0.0187,0.0002,2.875,0.3535533845424652,0.5,17.0,0.01707584038376808,0.46637995541095734,,
28,136.12,0.0229,0.0002,2.5,0.5345224738121033,0.5,16.875,0.07993447594344616,0.5721549987792969,,
29,138.82,0.0176,0.0002,2.96875,0.0883883461356163,0.5,16.5,0.07248609326779842,0.43975313007831573,,
30,141.58,0.0242,0.0002,2.96875,0.0883883461356163,0.5,16.8125,0.08421044424176216,0.6057837009429932,27.608779907226562,
31,144.38,0.0195,0.0002,2.875,0.3535533845424652,0.5,17.0625,0.10875842347741127,0.4884023517370224,,
32,147.2,0.0193,0.0002,2.625,0.6943650841712952,0.5,17.0625,0.10363717749714851,0.482803538441658,,
33,149.95,0.0173,0.0002,2.0,0.0,1.0,17.0,0.036501871421933174,0.4328121840953827,,
34,152.7,0.0168,0.0002,3.0,0.0,1.0,17.0,0.002293081837706268,0.4201667606830597,,
35,155.48,0.0171,0.0002,3.0,0.0,1.0,17.0,0.023767520498950034,0.4271596223115921,27.65761947631836,
36,158.22,0.0166,0.0002,3.0,0.0,1.0,16.5,0.0014191865921020508,0.4146582633256912,,
37,161.0,0.0165,0.0002,2.75,0.4629100561141968,0.5,17.0,0.048173765069805086,0.4123428910970688,,
38,163.75,0.0165,0.0002,3.0,0.0,1.0,17.0,0.001927544130012393,0.41157568991184235,,
39,166.57,0.0163,0.0002,3.0,0.0,1.0,17.0,0.0009080101444851607,0.4073130339384079,,
40,169.21,0.0163,0.0002,3.0,0.0,1.0,16.0,0.0009290575981140137,0.40710730850696564,27.726909637451172,0.9375
41,171.96,0.0166,0.0002,3.0,0.0,1.0,17.0,0.023093048919690773,0.41441111266613007,,
42,174.74,0.0165,0.0002,3.0,0.0,1.0,17.0,0.0006241518130991608,0.4136729836463928,,
43,177.74,0.0174,0.0002,3.0,0.0,1.0,17.25,0.11301448196172714,0.43491309881210327,,
44,180.5,0.0165,0.0002,3.0,0.0,1.0,17.0,0.0006025538605172187,0.41321420669555664,,
45,183.19,0.0186,0.0002,2.625,0.5175491571426392,0.5,16.5,0.024770721793174744,0.46566586196422577,27.77279281616211,
46,185.95,0.0165,0.0002,3.0,0.0,1.0,17.0,0.0005442114488687366,0.4113520085811615,,
47,188.7,0.0158,0.0002,3.0,0.0,1.0,17.0,0.00048334457096643746,0.39558713138103485,,
48,197.91,0.0208,0.0002,1.5625,0.6943258494138718,0.0,23.9375,0.12678125500679016,0.5209659934043884,,
49,200.6,0.0171,0.0002,3.0,0.0,1.0,16.5,0.03028075397014618,0.42649656534194946,,
50,203.41,0.0364,0.0002,1.5,0.5345224738121033,0.5,17.0625,0.08418955747038126,0.9089902639389038,27.797077178955078,
51,206.24,0.0187,0.0002,2.0,0.0,1.0,17.0,0.0013543858076445758,0.4666290432214737,,
52,209.12,0.0164,0.0002,3.0,0.0,1.0,17.0,0.0007530661241617054,0.4093477874994278,,
53,213.27,0.0238,0.0002,1.9375,0.1767766922712326,0.5,18.5625,0.20085860701510683,0.5948220938444138,,
54,216.0,0.0169,0.0002,3.0,0.0,1.0,16.0,0.000506281852722168,0.42131587862968445,,
55,218.79,0.0163,0.0002,3.0,0.0,1.0,17.0,0.0019302928994875401,0.4076650142669678,27.827381134033203,
56,221.61,0.0166,0.0002,3.0,0.0,1.0,17.0,0.0006011514051351696,0.41433924436569214,,
57,224.35,0.0282,0.0002,2.0,0.0,1.0,16.5,0.021241676062345505,0.7048037797212601,,
58,227.15,0.0506,0.0002,1.125,0.3535533845424652,0.5,17.0,0.04171247407793999,1.264283299446106,,
59,229.97,0.0285,0.0002,2.0,0.0,1.0,17.0,0.02548064960865304,0.7116934657096863,,
60,232.77,0.0167,0.0002,3.0,0.0,1.0,16.5,0.0006539015157613903,0.41833265125751495,27.837852478027344,0.796875
61,235.56,0.0285,0.0002,2.0,0.0,1.0,17.0,0.0006651597796007991,0.713050439953804,,
62,238.33,0.0168,0.0002,3.0,0.0,1.0,17.0,0.0020895003981422633,0.41949281096458435,,
63,241.02,0.016,0.0002,3.0,0.0,1.0,16.5,0.0015294762561097741,0.400347501039505,,
64,243.77,0.0171,0.0002,2.875,0.3535533845424652,0.5,17.0,0.015974864916643128,0.42808404564857483,,
65,246.54,0.0164,0.0002,3.0,0.0,1.0,16.5625,0.03126624971628189,0.4111810624599457,27.83920669555664,
66,249.3,0.0178,0.0002,3.0,0.0,1.0,17.0,0.0008008059521671385,0.4441380798816681,,
67,252.0,0.0165,0.0002,3.0,0.0,1.0,16.5,0.0006204808596521616,0.41332679986953735,,
68,254.74,0.0242,0.0002,2.25,0.4629100561141968,0.5,17.0,0.027173210692126304,0.6052485555410385,,
69,257.55,0.0161,0.0002,3.0,0.0,1.0,17.0,0.0008472554909531027,0.40213510394096375,,
70,260.41,0.0194,0.0002,2.0,0.0,1.0,17.0,0.016353880550013855,0.485866442322731,27.867755889892578,
71,263.21,0.0165,0.0002,3.0,0.0,1.0,16.5,0.0009383944852743298,0.4116487205028534,,
72,266.04,0.0235,0.0002,2.0,0.0,1.0,17.0,0.03813818690832704,0.5884285718202591,,
73,268.86,0.0466,0.0002,1.0,0.0,1.0,17.0,0.06318774819374084,1.1653296947479248,,
74,271.68,0.0253,0.0002,1.25,0.4629100561141968,0.5,17.0,0.08015864714980125,0.6321357935667038,,
75,274.63,0.0191,0.0002,2.75,0.4629100561141968,0.5,17.0625,0.04887141703511588,0.4781161844730377,27.890029907226562,
76,277.42,0.0168,0.0002,3.0,0.0,1.0,16.5,0.0018306795391254127,0.41963811218738556,,
77,280.27,0.0293,0.0002,2.0,0.0,1.0,17.0,0.05358891628566198,0.733612671494484,,
78,283.04,0.017,0.0002,3.0,0.0,1.0,16.5,0.001662033493630588,0.4238445311784744,,
79,285.89,0.0373,0.0002,2.0,0.0,1.0,17.0,0.04266285989433527,0.9325680434703827,,
80,288.73,0.0165,0.0002,3.0,0.0,1.0,17.0,0.0013339659781195223,0.41222432255744934,27.925813674926758,0.78125
81,291.6,0.0243,0.0002,2.25,0.4629100561141968,0.5,17.0,0.018524954735767096,0.6081614345312119,,
82,294.48,0.0274,0.0002,2.375,0.5175491571426392,0.5,17.0625,0.04243551380932331,0.6842082440853119,,
83,297.27,0.0169,0.0002,2.5,0.5345224738121033,0.5,17.0,0.033727057510986924,0.422708123922348,,
84,300.15,0.0183,0.0002,2.25,0.4629100561141968,0.5,17.0,0.022337463917210698,0.45629335939884186,,
85,302.92,0.0159,0.0002,3.0,0.0,1.0,17.0,0.00559363653883338,0.39764009416103363,27.985206604003906,
86,305.67,0.0276,0.0002,2.0,0.0,1.0,16.5,0.08575834333896637,0.6903388202190399,,
87,308.6,0.0379,0.0002,2.0,0.0,1.0,17.0625,0.048605398274958134,0.9485650062561035,,
88,311.37,0.02,0.0002,2.75,0.4629100561141968,0.5,17.0,0.028822940308600664,0.4996010810136795,,
89,314.2,0.0273,0.0002,1.75,1.0350983142852783,0.0,17.0,0.04322936199605465,0.681625097990036,,
90,316.98,0.0413,0.0002,2.875,0.3535533845424652,0.5,16.9375,0.06743763759732246,1.0314366966485977,28.00712013244629,
91,319.85,0.0151,0.0002,3.0,0.0,1.0,17.0625,0.016697488725185394,0.3780658543109894,,
92,322.63,0.0211,0.0002,3.0,0.0,1.0,16.5625,0.06156856194138527,0.5284498482942581,,
93,325.57,0.0165,0.0002,3.0,0.0,1.0,17.3125,0.09717841073870659,0.41153116524219513,,
94,328.58,0.0254,0.0002,2.0,0.0,1.0,17.375,0.12330635637044907,0.6357665061950684,,
95,331.44,0.0125,0.0002,3.0,0.0,1.0,17.375,0.15765263512730598,0.3115337938070297,28.016008377075195,
96,334.42,0.0236,0.0002,3.0,0.0,1.0,17.875,0.17542708292603493,0.5889444351196289,,
97,337.59,0.024,0.0002,2.0,0.0,1.0,18.375,0.23751593381166458,0.6007828116416931,,
98,340.53,0.0118,0.0002,3.0,0.0,1.0,17.75,0.20954473316669464,0.2959646135568619,,
99,343.56,0.0163,0.0002,2.84375,0.35197147727012634,0.5,17.8125,0.2347784861922264,0.40753938257694244,,
100,346.82,0.0197,0.0002,3.0,0.0,1.0,18.6875,0.2805785983800888,0.49330344796180725,28.03350067138672,0.859375
101,352.27,0.0184,0.0002,2.875,0.3535533845424652,0.5,20.875,0.5117267817258835,0.4608951061964035,,
102,355.24,0.0184,0.0002,3.0,0.0,1.0,17.9375,0.22858109325170517,0.4591808617115021,,
103,359.63,0.0233,0.0002,2.84375,0.4419417306780815,0.0,19.4375,0.35036391019821167,0.5820233821868896,,
104,362.59,0.0232,0.0002,3.0,0.0,1.0,17.25,0.2800339162349701,0.5801176130771637,,
105,365.84,0.0261,0.0002,1.875,0.9804592132568359,0.0,17.875,0.2923825830221176,0.651809960603714,28.114261627197266,
106,368.86,0.0217,0.0002,2.875,0.3535533845424652,0.5,17.625,0.320176437497139,0.5434462428092957,,
107,371.87,0.0189,0.0002,2.75,0.4629100561141968,0.5,17.6875,0.2848541736602783,0.47329308092594147,,
108,374.82,0.0254,0.0002,2.3125,0.5690407976508141,0.0,16.9375,0.3454275280237198,0.6339727640151978,,
109,377.96,0.0262,0.0002,2.375,1.1535418033599854,0.0,17.375,0.36662936210632324,0.6561150252819061,,
110,380.94,0.0226,0.0002,2.0,0.0,1.0,17.5625,0.23265467584133148,0.5650029331445694,28.22962188720703,
111,383.98,0.0147,0.0002,2.75,0.4629100561141968,0.5,18.0625,0.1905638873577118,0.367951862514019,,
112,387.04,0.0112,0.0002,2.9375,0.1767766922712326,0.0,18.0625,0.2440335601568222,0.2810076028108597,,
113,390.45,0.0106,0.0002,2.875,0.3535533845424652,0.5,19.375,0.19301988556981087,0.26480036973953247,,
114,393.73,0.0214,0.0002,2.75,0.7071067690849304,0.0,18.6875,0.18548987060785294,0.5361477583646774,,
115,397.07,0.0317,0.0002,2.125,0.3535533845424652,0.5,18.8125,0.2586183547973633,0.7923464477062225,28.445148468017578,
116,400.46,0.0124,0.0002,2.0,0.0,1.0,19.75,0.21163181960582733,0.3106381297111511,,
117,403.7,0.015,0.0002,2.25,0.4629100561141968,0.5,20.0,0.18498816341161728,0.3755316585302353,,
118,407.18,0.0097,0.0002,3.0,0.0,1.0,20.5625,0.25401751697063446,0.24182918667793274,,
119,410.83,0.0171,0.0002,2.8125,0.5303300619125366,0.5,21.4375,0.24994471669197083,0.4268014430999756,,
120,414.36,0.028,0.0002,2.625,0.5175491571426392,0.5,21.5,0.3063995987176895,0.6997554004192352,28.554983139038086,0.8125
121,418.09,0.0166,0.0002,3.0,0.0,1.0,21.1875,0.19165586680173874,0.4154917448759079,,
122,421.64,0.0156,0.0002,2.5,0.5345224738121033,0.5,22.4375,0.25403202325105667,0.3910403251647949,,
123,425.91,0.0156,0.0002,2.875,0.3535533845424652,0.5,23.8125,0.2968345880508423,0.38988935947418213,,
124,429.91,0.0196,0.0002,2.875,0.3535533845424652,0.5,25.25,0.1844998076558113,0.4896519333124161,,
125,439.77,0.0178,0.0002,2.96875,0.0883883461356163,0.5,30.8125,0.18703477084636688,0.4439672380685806,28.635929107666016,
126,443.77,0.0196,0.0002,3.0,0.0,1.0,26.0,0.23132707923650742,0.4887584000825882,,
127,447.7,0.0266,0.0002,2.0,0.0,1.0,24.125,0.3446642830967903,0.6652742028236389,,
128,451.93,0.0183,0.0002,3.0,0.0,1.0,24.9375,0.19960643351078033,0.45870542526245117,,
129,456.12,0.0223,0.0002,2.25,0.8711025416851044,0.0,25.0,0.2611612007021904,0.5571227669715881,,
130,460.11,0.0172,0.0002,3.0,0.0,1.0,25.125,0.16034319251775742,0.4291623383760452,28.694833755493164,
131,464.16,0.0201,0.0002,1.875,1.0520716309547424,0.0,24.25,0.22775551676750183,0.5021654367446899,,
132,468.07,0.021,0.0002,2.75,0.4629100561141968,0.5,24.0,0.3150253891944885,0.5250917077064514,,
133,473.39,0.0284,0.0002,2.125,0.3535533845424652,0.5,26.875,0.3060819134116173,0.7101558595895767,,
134,477.56,0.0266,0.0002,2.0,0.0,1.0,25.125,0.20959797501564026,0.6656019389629364,,
135,481.63,0.0235,0.0002,3.0,0.0,1.0,25.0,0.16306692361831665,0.586917906999588,28.754642486572266,
136,485.66,0.0213,0.0002,2.5,0.5345224738121033,0.5,24.3125,0.17246346175670624,0.5317377746105194,,
137,490.4,0.0215,0.0002,3.0,0.0,1.0,26.125,0.21115462481975555,0.5377850532531738,,
138,494.97,0.0264,0.0002,2.0,0.0,1.0,25.4375,0.270599901676178,0.6601240932941437,,
139,498.98,0.0284,0.0002,2.75,0.4629100561141968,0.5,25.5,0.32598745077848434,0.7108995914459229,,
140,503.19,0.0254,0.0002,2.875,0.3535533845424652,0.5,27.0,0.31838224828243256,0.6354608833789825,28.739063262939453,0.921875
141,509.84,0.0311,0.0002,2.0,0.0,1.0,29.25,0.3596159666776657,0.7768643200397491,,
142,515.13,0.0232,0.0002,2.6875,0.5938674807548523,0.5,30.4375,0.44903022050857544,0.5805920958518982,,
143,527.38,0.0215,0.0002,2.4375,0.7763237953186035,0.5,44.25,0.6661555618047714,0.5378089249134064,,
144,532.21,0.0183,0.0002,2.625,0.816463440656662,0.0,27.75,0.38276728987693787,0.45866858959198,,
145,547.78,0.0239,0.0002,2.125,1.3701912760734558,0.0,52.3125,0.6247170865535736,0.5979006290435791,28.601179122924805,
146,551.9,0.0134,0.0002,3.0,0.0,1.0,26.5,0.32610608637332916,0.3344944715499878,,
147,556.26,0.0161,0.0002,3.0,0.0,1.0,26.0625,0.4680044800043106,0.40135657787323,,
148,560.58,0.0129,0.0002,3.0,0.0,1.0,24.5,0.4184124171733856,0.3236854821443558,,
149,564.5,0.0195,0.0002,2.25,0.4629100561141968,0.5,25.4375,0.35331450402736664,0.4879814609885216,,
150,569.47,0.0156,0.0002,3.0,0.0,1.0,26.875,0.4790230542421341,0.3912116587162018,28.785144805908203,
